David Guetta	14964724	9fL5iWgWwno
IISuperwomanII	12610518	ygINSjADEnI
jacksepticeye	17046051	Lv-uA2WPQCY	07T8OXtGCbI	pr7mnFT4Jy0	pOUW_56DgbA	xSj6-HxozXc	SCEK4fFnJDM	exBV17xhZyo	Pzi93r0-5Wo
RomanAtwoodVlogs	13772336	eElFDBdeKow	qyPuiriWpcA
FailArmy	12958478	79EvGkXHF9I
Canal KondZilla	21298544	DUwTnrmBSG4
Felipe Neto	15649389	JCi9GGsFeZQ
TheEllenShow	21412320	JcGZCX2KC9o
SET India	16210840	4Hnk1-xYooM	d1XY-cuXZBM	69n6-B5Gtl0
Logan Paul Vlogs	13424408	A9wGilMZFZY
VEGETTA777	19673486	ByjXNdVsYgI	SLwXbNQZjvk
WatchMojo.com	15655525	I0dmd-gZY98	24ZNnFW30SQ	3eGqJXEOZ80	2MDLUGV8QFE	OvDBOpg9mw0	ajoEBxeilow	74BE-_jsEmc
JennaMarbles	17695989	GQEsA6Ipq3o
VanossGaming	21670774	AakmXtamgMg
rezendeevil	13488224	M6hxCfL6k7g
TheWillyrex	12616357	fu6vMi3A3Gk	aS_PQA_Ga1c	SEu4EIpfGx4
Markiplier	18716686	oJ7Z-7_BmUw	FkhbxTDAp0I	w6GY-1MMbBs	VL5bCjqzvz0	xDZ3-kg5Uhk	30yb61DniE0	NBw1JYzagYE	wQ9-VC_kDoQ	yl6qvsZDyio	0wpx_RYkid4
Vsauce	12644775	xKg9Vl_Wg5U
Werevertumorro	14174380	Q5mMImmuldo
Dude Perfect	23892244	DS0uPxZXI5Y	WM0XViFp1M0
T-Series	27722119	y_InaU4RyjI	WIIN04owL60	un2HVdq4dfw	fCqwgtyCSDI	1mjM7L7vtHQ	Nil2k-tzlDc	yhpZsaJtKp4	Z1wN6_mCYbw	67tL2SjqicQ
Good Mythical Morning	12784003	iJjEAWkFCHA	Xee2mU0qw44	bXzUcqQM8qw	oZnM6FCElP8	7Yr6RB7XD8s
enchufetv	15390066	wfhiA67yWek
Ed Sheeran	22812659	iR4nF18vyTk
BuzzFeedVideo	13683286	RPD5QTXenhE	doR-poK52O4
Trap Nation	16344076	DhCp22tIiTc	qSmnMRlaE30	DMvhDoJVg44
shakiraVEVO	17557832	NmJHH026X0c
JuegaGerman	22333567	PXGDLpx0FAI
WWE	18989905	qAr8m-0-XT0	DI92ko-OgKE	-IaF6DBpJiU	JDkTu9VZL1Y	HwxI-aE04S0	Z0prZr-AFG4	1sp4-Ht8ctg	fUKZyKsmMH4	4PMm-3lDSRk	WHLC-xNaU5Y	u6Wl-LFolYc	1ypj17KU2wM	hK5U4wO8r4Q	csxYTS9Wzrk	aZ9GpBerUeU	49ZB-H6onk0	uhHaH-kEJAk
Smosh	22751509	4fpuC6vyM7s
Maroon5VEVO	14702080	6g6g2mvItp4
Spinnin' Records	18980576	0lknZ-frbnU	OGVHJ-6mLv0	CVvJp3d8xGQ	DpPXHvkKZ4o	gQgQJsyKZ2A	qwXT-zOeXag
PewDiePie	57848823	MvnRjrwRKM4	U4l-QnLwNuQ
The Tonight Show Starring Jimmy Fallon	14704045	dmVBAIxKBcM
